repo_name,easy_file,hard_file
apereo/cas,core/cas-server-core-util-api/src/main/java/org/apereo/cas/util/CompressionUtils.java,support/cas-server-support-saml-idp-core/src/main/java/org/apereo/cas/support/saml/SamlIdPUtils.java
apereo/cas,support/cas-server-support-saml-idp-core/src/main/java/org/apereo/cas/support/saml/services/idp/metadata/SamlRegisteredServiceServiceProviderMetadataFacade.java,support/cas-server-support-saml-idp-core/src/main/java/org/apereo/cas/support/saml/SamlIdPUtils.java
apereo/cas,core/cas-server-core-services-registry/src/main/java/org/apereo/cas/services/InMemoryServiceRegistry.java,support/cas-server-support-saml-idp-core/src/main/java/org/apereo/cas/support/saml/SamlIdPUtils.java
apereo/cas,core/cas-server-core-authentication-api/src/main/java/org/apereo/cas/authentication/DefaultAuthentication.java,support/cas-server-support-saml-idp-core/src/main/java/org/apereo/cas/support/saml/SamlIdPUtils.java
apereo/cas,core/cas-server-core-authentication-api/src/main/java/org/apereo/cas/authentication/DefaultAuthenticationEventExecutionPlan.java,support/cas-server-support-saml-idp-core/src/main/java/org/apereo/cas/support/saml/SamlIdPUtils.java
apereo/cas,core/cas-server-core-services-api/src/main/java/org/apereo/cas/services/TimeBasedRegisteredServiceAccessStrategy.java,support/cas-server-support-saml-idp-core/src/main/java/org/apereo/cas/support/saml/SamlIdPUtils.java
apereo/cas,support/cas-server-support-consent-core/src/main/java/org/apereo/cas/consent/DefaultConsentEngine.java,support/cas-server-support-saml-idp-core/src/main/java/org/apereo/cas/support/saml/SamlIdPUtils.java
apereo/cas,support/cas-server-support-ws-idp-api/src/main/java/org/apereo/cas/ws/idp/services/WSFederationClaimsReleasePolicy.java,support/cas-server-support-saml-idp-core/src/main/java/org/apereo/cas/support/saml/SamlIdPUtils.java
apereo/cas,support/cas-server-support-duo-core/src/main/java/org/apereo/cas/adaptors/duo/authn/BaseDuoSecurityAuthenticationService.java,support/cas-server-support-saml-idp-core/src/main/java/org/apereo/cas/support/saml/SamlIdPUtils.java
apereo/cas,support/cas-server-support-duo-core/src/main/java/org/apereo/cas/adaptors/duo/authn/BasicDuoSecurityAuthenticationService.java,support/cas-server-support-saml-idp-core/src/main/java/org/apereo/cas/support/saml/SamlIdPUtils.java
apereo/cas,core/cas-server-core-authentication-api/src/main/java/org/apereo/cas/authentication/DefaultAuthenticationBuilder.java,support/cas-server-support-saml-idp-core/src/main/java/org/apereo/cas/support/saml/SamlIdPUtils.java
apereo/cas,support/cas-server-support-surrogate-authentication/src/main/java/org/apereo/cas/authentication/surrogate/BaseSurrogateAuthenticationService.java,support/cas-server-support-saml-idp-core/src/main/java/org/apereo/cas/support/saml/SamlIdPUtils.java
apereo/cas,support/cas-server-support-interrupt-api/src/main/java/org/apereo/cas/interrupt/InterruptResponse.java,support/cas-server-support-saml-idp-core/src/main/java/org/apereo/cas/support/saml/SamlIdPUtils.java
apereo/cas,core/cas-server-core-util-api/src/main/java/org/apereo/cas/util/HttpUtils.java,support/cas-server-support-saml-idp-core/src/main/java/org/apereo/cas/support/saml/SamlIdPUtils.java
apereo/cas,core/cas-server-core-util-api/src/main/java/org/apereo/cas/util/cipher/AbstractCipherExecutor.java,support/cas-server-support-saml-idp-core/src/main/java/org/apereo/cas/support/saml/SamlIdPUtils.java
apereo/cas,support/cas-server-support-duo/src/main/java/org/apereo/cas/adaptors/duo/config/DuoSecurityAuthenticationEventExecutionPlanConfiguration.java,support/cas-server-support-saml-idp-core/src/main/java/org/apereo/cas/support/saml/SamlIdPUtils.java
apereo/cas,core/cas-server-core-web/src/main/java/org/apereo/cas/config/CasCoreHttpConfiguration.java,support/cas-server-support-saml-idp-core/src/main/java/org/apereo/cas/support/saml/SamlIdPUtils.java
apereo/cas,core/cas-server-core-util-api/src/main/java/org/apereo/cas/util/CollectionUtils.java,support/cas-server-support-saml-idp-core/src/main/java/org/apereo/cas/support/saml/SamlIdPUtils.java
apereo/cas,core/cas-server-core-audit-api/src/main/java/org/apereo/cas/audit/spi/plan/DefaultAuditTrailRecordResolutionPlan.java,support/cas-server-support-cosmosdb-service-registry/src/main/java/org/apereo/cas/services/CosmosDbServiceRegistry.java
apereo/cas,core/cas-server-core-authentication-api/src/main/java/org/apereo/cas/authentication/handler/support/jaas/AccountsPreDefinedLoginModule.java,support/cas-server-support-cosmosdb-service-registry/src/main/java/org/apereo/cas/services/CosmosDbServiceRegistry.java
apereo/cas,support/cas-server-support-oauth-uma-core/src/main/java/org/apereo/cas/uma/web/controllers/permission/UmaPermissionRegistrationRequest.java,support/cas-server-support-cosmosdb-service-registry/src/main/java/org/apereo/cas/services/CosmosDbServiceRegistry.java
apereo/cas,support/cas-server-support-oauth-uma-core/src/main/java/org/apereo/cas/uma/ticket/resource/repository/BaseResourceSetRepository.java,support/cas-server-support-cosmosdb-service-registry/src/main/java/org/apereo/cas/services/CosmosDbServiceRegistry.java
apereo/cas,support/cas-server-support-oauth-uma-core/src/main/java/org/apereo/cas/uma/web/controllers/authz/UmaAuthorizationRequestEndpointController.java,support/cas-server-support-cosmosdb-service-registry/src/main/java/org/apereo/cas/services/CosmosDbServiceRegistry.java
apereo/cas,support/cas-server-support-oauth-uma-core/src/main/java/org/apereo/cas/uma/ticket/resource/ResourceSetPolicyPermission.java,support/cas-server-support-cosmosdb-service-registry/src/main/java/org/apereo/cas/services/CosmosDbServiceRegistry.java
apereo/cas,support/cas-server-support-oauth-uma-core/src/main/java/org/apereo/cas/uma/ticket/rpt/UmaIdTokenGeneratorService.java,support/cas-server-support-cosmosdb-service-registry/src/main/java/org/apereo/cas/services/CosmosDbServiceRegistry.java
apereo/cas,support/cas-server-support-logging-config-cloudwatch/src/main/java/org/apereo/cas/logging/CloudWatchAppender.java,support/cas-server-support-cosmosdb-service-registry/src/main/java/org/apereo/cas/services/CosmosDbServiceRegistry.java
apereo/cas,core/cas-server-core-authentication-api/src/main/java/org/apereo/cas/authentication/credential/UsernamePasswordCredential.java,support/cas-server-support-cosmosdb-service-registry/src/main/java/org/apereo/cas/services/CosmosDbServiceRegistry.java
apereo/cas,support/cas-server-support-oauth-uma-core/src/main/java/org/apereo/cas/uma/ticket/permission/DefaultUmaPermissionTicket.java,support/cas-server-support-cosmosdb-service-registry/src/main/java/org/apereo/cas/services/CosmosDbServiceRegistry.java
apereo/cas,support/cas-server-support-actions/src/main/java/org/apereo/cas/web/flow/login/InitialFlowSetupAction.java,support/cas-server-support-cosmosdb-service-registry/src/main/java/org/apereo/cas/services/CosmosDbServiceRegistry.java
apereo/cas,support/cas-server-support-oauth-uma-core/src/main/java/org/apereo/cas/uma/claim/UmaResourceSetClaimPermissionResult.java,support/cas-server-support-cosmosdb-service-registry/src/main/java/org/apereo/cas/services/CosmosDbServiceRegistry.java
apereo/cas,core/cas-server-core-logout-api/src/main/java/org/apereo/cas/logout/slo/BaseSingleLogoutServiceMessageHandler.java,support/cas-server-support-cosmosdb-service-registry/src/main/java/org/apereo/cas/services/CosmosDbServiceRegistry.java
apereo/cas,support/cas-server-support-oauth-core-api/src/main/java/org/apereo/cas/support/oauth/web/response/callback/DefaultOAuth20AuthorizationModelAndViewBuilder.java,support/cas-server-support-gauth-dynamodb/src/main/java/org/apereo/cas/config/GoogleAuthenticatorDynamoDbConfiguration.java
apereo/cas,api/cas-server-core-api-configuration-model/src/main/java/org/apereo/cas/configuration/model/support/pac4j/Pac4jDelegatedAuthenticationCoreProperties.java,support/cas-server-support-gauth-dynamodb/src/main/java/org/apereo/cas/config/GoogleAuthenticatorDynamoDbConfiguration.java
apereo/cas,api/cas-server-core-api-configuration-model/src/main/java/org/apereo/cas/configuration/model/support/mfa/DuoSecurityMultifactorAuthenticationProperties.java,support/cas-server-support-gauth-dynamodb/src/main/java/org/apereo/cas/config/GoogleAuthenticatorDynamoDbConfiguration.java
apereo/cas,support/cas-server-support-account-mgmt/src/main/java/org/apereo/cas/acct/webflow/SubmitAccountRegistrationAction.java,support/cas-server-support-gauth-dynamodb/src/main/java/org/apereo/cas/config/GoogleAuthenticatorDynamoDbConfiguration.java
apereo/cas,core/cas-server-core-authentication-api/src/main/java/org/apereo/cas/authentication/DefaultCasSSLContext.java,support/cas-server-support-gauth-dynamodb/src/main/java/org/apereo/cas/config/GoogleAuthenticatorDynamoDbConfiguration.java
apereo/cas,support/cas-server-support-account-mgmt/src/main/java/org/apereo/cas/config/CasAccountManagementWebflowConfiguration.java,support/cas-server-support-gauth-dynamodb/src/main/java/org/apereo/cas/config/GoogleAuthenticatorDynamoDbConfiguration.java
apereo/cas,support/cas-server-support-duo-core/src/main/java/org/apereo/cas/adaptors/duo/authn/DefaultDuoSecurityAdminApiService.java,support/cas-server-support-gauth-dynamodb/src/main/java/org/apereo/cas/config/GoogleAuthenticatorDynamoDbConfiguration.java
apereo/cas,support/cas-server-support-oidc-core-api/src/main/java/org/apereo/cas/oidc/web/OidcAuthorizationModelAndViewBuilder.java,support/cas-server-support-gauth-dynamodb/src/main/java/org/apereo/cas/config/GoogleAuthenticatorDynamoDbConfiguration.java
apereo/cas,support/cas-server-support-pac4j-core/src/main/java/org/apereo/cas/pac4j/client/GroovyDelegatedClientIdentityProviderRedirectionStrategy.java,support/cas-server-support-gauth-dynamodb/src/main/java/org/apereo/cas/config/GoogleAuthenticatorDynamoDbConfiguration.java
apereo/cas,support/cas-server-support-duo-core/src/main/java/org/apereo/cas/adaptors/duo/web/DuoSecurityAdminApiEndpoint.java,support/cas-server-support-gauth-dynamodb/src/main/java/org/apereo/cas/config/GoogleAuthenticatorDynamoDbConfiguration.java
apereo/cas,support/cas-server-support-duo-core/src/main/java/com/duosecurity/duoweb/Base64.java,support/cas-server-support-gauth-dynamodb/src/main/java/org/apereo/cas/config/GoogleAuthenticatorDynamoDbConfiguration.java
apereo/cas,support/cas-server-support-account-mgmt/src/main/java/org/apereo/cas/acct/webflow/AccountManagementWebflowConfigurer.java,support/cas-server-support-gauth-dynamodb/src/main/java/org/apereo/cas/config/GoogleAuthenticatorDynamoDbConfiguration.java
apereo/cas,api/cas-server-core-api-configuration-model/src/main/java/org/apereo/cas/configuration/model/support/pac4j/Pac4jDelegatedAuthenticationDiscoverySelectionProperties.java,support/cas-server-support-gauth-dynamodb/src/main/java/org/apereo/cas/config/GoogleAuthenticatorDynamoDbConfiguration.java
apereo/cas,support/cas-server-support-pac4j-webflow/src/main/java/org/apereo/cas/web/flow/DefaultDelegatedClientIdentityProviderConfigurationProducer.java,support/cas-server-support-gauth-dynamodb/src/main/java/org/apereo/cas/config/GoogleAuthenticatorDynamoDbConfiguration.java
apereo/cas,support/cas-server-support-oauth-api/src/main/java/org/apereo/cas/support/oauth/web/response/callback/OAuth20AuthorizationModelAndViewBuilder.java,support/cas-server-support-gauth-dynamodb/src/main/java/org/apereo/cas/config/GoogleAuthenticatorDynamoDbConfiguration.java
apereo/cas,core/cas-server-core-authentication-api/src/main/java/org/apereo/cas/authentication/CasSSLContext.java,support/cas-server-support-gauth-dynamodb/src/main/java/org/apereo/cas/config/GoogleAuthenticatorDynamoDbConfiguration.java
apereo/cas,support/cas-server-support-duo-core/src/main/java/org/apereo/cas/adaptors/duo/authn/DefaultDuoSecurityAdminApiService.java,core/cas-server-core-audit-api/src/main/java/org/apereo/cas/audit/spi/resource/ProtocolSpecificationValidationAuditResourceResolver.java
apereo/cas,support/cas-server-support-account-mgmt/src/main/java/org/apereo/cas/config/CasAccountManagementWebflowConfiguration.java,core/cas-server-core-audit-api/src/main/java/org/apereo/cas/audit/spi/resource/ProtocolSpecificationValidationAuditResourceResolver.java
apereo/cas,support/cas-server-support-pac4j-core/src/main/java/org/apereo/cas/pac4j/client/GroovyDelegatedClientIdentityProviderRedirectionStrategy.java,core/cas-server-core-audit-api/src/main/java/org/apereo/cas/audit/spi/resource/ProtocolSpecificationValidationAuditResourceResolver.java
apereo/cas,support/cas-server-support-account-mgmt/src/main/java/org/apereo/cas/acct/webflow/AccountManagementWebflowConfigurer.java,core/cas-server-core-audit-api/src/main/java/org/apereo/cas/audit/spi/resource/ProtocolSpecificationValidationAuditResourceResolver.java
apereo/cas,api/cas-server-core-api-configuration-model/src/main/java/org/apereo/cas/configuration/model/support/pac4j/Pac4jDelegatedAuthenticationDiscoverySelectionProperties.java,core/cas-server-core-audit-api/src/main/java/org/apereo/cas/audit/spi/resource/ProtocolSpecificationValidationAuditResourceResolver.java
apereo/cas,api/cas-server-core-api-configuration-model/src/main/java/org/apereo/cas/configuration/model/support/pac4j/Pac4jDelegatedAuthenticationCoreProperties.java,core/cas-server-core-audit-api/src/main/java/org/apereo/cas/audit/spi/resource/ProtocolSpecificationValidationAuditResourceResolver.java
apereo/cas,core/cas-server-core-authentication-api/src/main/java/org/apereo/cas/authentication/DefaultCasSSLContext.java,core/cas-server-core-audit-api/src/main/java/org/apereo/cas/audit/spi/resource/ProtocolSpecificationValidationAuditResourceResolver.java
apereo/cas,api/cas-server-core-api-configuration-model/src/main/java/org/apereo/cas/configuration/model/support/mfa/DuoSecurityMultifactorAuthenticationProperties.java,core/cas-server-core-audit-api/src/main/java/org/apereo/cas/audit/spi/resource/ProtocolSpecificationValidationAuditResourceResolver.java
apereo/cas,support/cas-server-support-oauth-core-api/src/main/java/org/apereo/cas/support/oauth/web/response/callback/DefaultOAuth20AuthorizationModelAndViewBuilder.java,core/cas-server-core-audit-api/src/main/java/org/apereo/cas/audit/spi/resource/ProtocolSpecificationValidationAuditResourceResolver.java
apereo/cas,support/cas-server-support-oidc-core-api/src/main/java/org/apereo/cas/oidc/web/OidcAuthorizationModelAndViewBuilder.java,core/cas-server-core-audit-api/src/main/java/org/apereo/cas/audit/spi/resource/ProtocolSpecificationValidationAuditResourceResolver.java
apereo/cas,support/cas-server-support-duo-core/src/main/java/com/duosecurity/duoweb/Base64.java,core/cas-server-core-audit-api/src/main/java/org/apereo/cas/audit/spi/resource/ProtocolSpecificationValidationAuditResourceResolver.java
apereo/cas,support/cas-server-support-oauth-api/src/main/java/org/apereo/cas/support/oauth/web/response/callback/OAuth20AuthorizationModelAndViewBuilder.java,core/cas-server-core-audit-api/src/main/java/org/apereo/cas/audit/spi/resource/ProtocolSpecificationValidationAuditResourceResolver.java
apereo/cas,support/cas-server-support-account-mgmt/src/main/java/org/apereo/cas/acct/webflow/SubmitAccountRegistrationAction.java,core/cas-server-core-audit-api/src/main/java/org/apereo/cas/audit/spi/resource/ProtocolSpecificationValidationAuditResourceResolver.java
apereo/cas,support/cas-server-support-duo-core/src/main/java/org/apereo/cas/adaptors/duo/web/DuoSecurityAdminApiEndpoint.java,core/cas-server-core-audit-api/src/main/java/org/apereo/cas/audit/spi/resource/ProtocolSpecificationValidationAuditResourceResolver.java
apereo/cas,core/cas-server-core-authentication-api/src/main/java/org/apereo/cas/authentication/CasSSLContext.java,core/cas-server-core-audit-api/src/main/java/org/apereo/cas/audit/spi/resource/ProtocolSpecificationValidationAuditResourceResolver.java
apereo/cas,support/cas-server-support-pac4j-webflow/src/main/java/org/apereo/cas/web/flow/DefaultDelegatedClientIdentityProviderConfigurationProducer.java,core/cas-server-core-audit-api/src/main/java/org/apereo/cas/audit/spi/resource/ProtocolSpecificationValidationAuditResourceResolver.java
apereo/cas,support/cas-server-support-oauth-api/src/main/java/org/apereo/cas/support/oauth/web/response/callback/OAuth20AuthorizationModelAndViewBuilder.java,support/cas-server-support-gauth-dynamodb/src/main/java/org/apereo/cas/gauth/token/GoogleAuthenticatorDynamoDbTokenRepositoryFacilitator.java
apereo/cas,api/cas-server-core-api-configuration-model/src/main/java/org/apereo/cas/configuration/model/support/mfa/DuoSecurityMultifactorAuthenticationProperties.java,support/cas-server-support-gauth-dynamodb/src/main/java/org/apereo/cas/gauth/token/GoogleAuthenticatorDynamoDbTokenRepositoryFacilitator.java
apereo/cas,support/cas-server-support-account-mgmt/src/main/java/org/apereo/cas/acct/webflow/AccountManagementWebflowConfigurer.java,support/cas-server-support-gauth-dynamodb/src/main/java/org/apereo/cas/gauth/token/GoogleAuthenticatorDynamoDbTokenRepositoryFacilitator.java
apereo/cas,support/cas-server-support-duo-core/src/main/java/org/apereo/cas/adaptors/duo/web/DuoSecurityAdminApiEndpoint.java,support/cas-server-support-gauth-dynamodb/src/main/java/org/apereo/cas/gauth/token/GoogleAuthenticatorDynamoDbTokenRepositoryFacilitator.java
apereo/cas,support/cas-server-support-oidc-core-api/src/main/java/org/apereo/cas/oidc/web/OidcAuthorizationModelAndViewBuilder.java,support/cas-server-support-gauth-dynamodb/src/main/java/org/apereo/cas/gauth/token/GoogleAuthenticatorDynamoDbTokenRepositoryFacilitator.java
apereo/cas,api/cas-server-core-api-configuration-model/src/main/java/org/apereo/cas/configuration/model/support/pac4j/Pac4jDelegatedAuthenticationDiscoverySelectionProperties.java,support/cas-server-support-gauth-dynamodb/src/main/java/org/apereo/cas/gauth/token/GoogleAuthenticatorDynamoDbTokenRepositoryFacilitator.java
apereo/cas,support/cas-server-support-account-mgmt/src/main/java/org/apereo/cas/config/CasAccountManagementWebflowConfiguration.java,support/cas-server-support-gauth-dynamodb/src/main/java/org/apereo/cas/gauth/token/GoogleAuthenticatorDynamoDbTokenRepositoryFacilitator.java
apereo/cas,support/cas-server-support-oauth-core-api/src/main/java/org/apereo/cas/support/oauth/web/response/callback/DefaultOAuth20AuthorizationModelAndViewBuilder.java,support/cas-server-support-gauth-dynamodb/src/main/java/org/apereo/cas/gauth/token/GoogleAuthenticatorDynamoDbTokenRepositoryFacilitator.java
apereo/cas,support/cas-server-support-duo-core/src/main/java/org/apereo/cas/adaptors/duo/authn/DefaultDuoSecurityAdminApiService.java,support/cas-server-support-gauth-dynamodb/src/main/java/org/apereo/cas/gauth/token/GoogleAuthenticatorDynamoDbTokenRepositoryFacilitator.java
apereo/cas,api/cas-server-core-api-configuration-model/src/main/java/org/apereo/cas/configuration/model/support/pac4j/Pac4jDelegatedAuthenticationCoreProperties.java,support/cas-server-support-gauth-dynamodb/src/main/java/org/apereo/cas/gauth/token/GoogleAuthenticatorDynamoDbTokenRepositoryFacilitator.java
apereo/cas,support/cas-server-support-duo-core/src/main/java/com/duosecurity/duoweb/Base64.java,support/cas-server-support-gauth-dynamodb/src/main/java/org/apereo/cas/gauth/token/GoogleAuthenticatorDynamoDbTokenRepositoryFacilitator.java
apereo/cas,support/cas-server-support-account-mgmt/src/main/java/org/apereo/cas/acct/webflow/SubmitAccountRegistrationAction.java,support/cas-server-support-gauth-dynamodb/src/main/java/org/apereo/cas/gauth/token/GoogleAuthenticatorDynamoDbTokenRepositoryFacilitator.java
apereo/cas,core/cas-server-core-authentication-api/src/main/java/org/apereo/cas/authentication/DefaultCasSSLContext.java,support/cas-server-support-gauth-dynamodb/src/main/java/org/apereo/cas/gauth/token/GoogleAuthenticatorDynamoDbTokenRepositoryFacilitator.java
apereo/cas,support/cas-server-support-pac4j-webflow/src/main/java/org/apereo/cas/web/flow/DefaultDelegatedClientIdentityProviderConfigurationProducer.java,support/cas-server-support-gauth-dynamodb/src/main/java/org/apereo/cas/gauth/token/GoogleAuthenticatorDynamoDbTokenRepositoryFacilitator.java
apereo/cas,core/cas-server-core-authentication-api/src/main/java/org/apereo/cas/authentication/CasSSLContext.java,support/cas-server-support-gauth-dynamodb/src/main/java/org/apereo/cas/gauth/token/GoogleAuthenticatorDynamoDbTokenRepositoryFacilitator.java
apereo/cas,support/cas-server-support-pac4j-core/src/main/java/org/apereo/cas/pac4j/client/GroovyDelegatedClientIdentityProviderRedirectionStrategy.java,support/cas-server-support-gauth-dynamodb/src/main/java/org/apereo/cas/gauth/token/GoogleAuthenticatorDynamoDbTokenRepositoryFacilitator.java
apereo/cas,core/cas-server-core-util-api/src/main/java/org/apereo/cas/util/CollectionUtils.java,support/cas-server-support-x509-core/src/main/java/org/apereo/cas/adaptors/x509/authentication/revocation/checker/CRLDistributionPointRevocationChecker.java
apereo/cas,support/cas-server-support-duo/src/main/java/org/apereo/cas/adaptors/duo/config/DuoSecurityAuthenticationEventExecutionPlanConfiguration.java,support/cas-server-support-x509-core/src/main/java/org/apereo/cas/adaptors/x509/authentication/revocation/checker/CRLDistributionPointRevocationChecker.java
apereo/cas,support/cas-server-support-ws-idp-api/src/main/java/org/apereo/cas/ws/idp/services/WSFederationClaimsReleasePolicy.java,support/cas-server-support-x509-core/src/main/java/org/apereo/cas/adaptors/x509/authentication/revocation/checker/CRLDistributionPointRevocationChecker.java
apereo/cas,core/cas-server-core-services-registry/src/main/java/org/apereo/cas/services/InMemoryServiceRegistry.java,support/cas-server-support-x509-core/src/main/java/org/apereo/cas/adaptors/x509/authentication/revocation/checker/CRLDistributionPointRevocationChecker.java
apereo/cas,core/cas-server-core-web/src/main/java/org/apereo/cas/config/CasCoreHttpConfiguration.java,support/cas-server-support-x509-core/src/main/java/org/apereo/cas/adaptors/x509/authentication/revocation/checker/CRLDistributionPointRevocationChecker.java
apereo/cas,core/cas-server-core-services-api/src/main/java/org/apereo/cas/services/TimeBasedRegisteredServiceAccessStrategy.java,support/cas-server-support-x509-core/src/main/java/org/apereo/cas/adaptors/x509/authentication/revocation/checker/CRLDistributionPointRevocationChecker.java
apereo/cas,core/cas-server-core-util-api/src/main/java/org/apereo/cas/util/cipher/AbstractCipherExecutor.java,support/cas-server-support-x509-core/src/main/java/org/apereo/cas/adaptors/x509/authentication/revocation/checker/CRLDistributionPointRevocationChecker.java
apereo/cas,support/cas-server-support-surrogate-authentication/src/main/java/org/apereo/cas/authentication/surrogate/BaseSurrogateAuthenticationService.java,support/cas-server-support-x509-core/src/main/java/org/apereo/cas/adaptors/x509/authentication/revocation/checker/CRLDistributionPointRevocationChecker.java
apereo/cas,support/cas-server-support-consent-core/src/main/java/org/apereo/cas/consent/DefaultConsentEngine.java,support/cas-server-support-x509-core/src/main/java/org/apereo/cas/adaptors/x509/authentication/revocation/checker/CRLDistributionPointRevocationChecker.java
apereo/cas,support/cas-server-support-saml-idp-core/src/main/java/org/apereo/cas/support/saml/services/idp/metadata/SamlRegisteredServiceServiceProviderMetadataFacade.java,support/cas-server-support-x509-core/src/main/java/org/apereo/cas/adaptors/x509/authentication/revocation/checker/CRLDistributionPointRevocationChecker.java
apereo/cas,core/cas-server-core-authentication-api/src/main/java/org/apereo/cas/authentication/DefaultAuthenticationBuilder.java,support/cas-server-support-x509-core/src/main/java/org/apereo/cas/adaptors/x509/authentication/revocation/checker/CRLDistributionPointRevocationChecker.java
apereo/cas,support/cas-server-support-interrupt-api/src/main/java/org/apereo/cas/interrupt/InterruptResponse.java,support/cas-server-support-x509-core/src/main/java/org/apereo/cas/adaptors/x509/authentication/revocation/checker/CRLDistributionPointRevocationChecker.java
apereo/cas,core/cas-server-core-util-api/src/main/java/org/apereo/cas/util/CompressionUtils.java,support/cas-server-support-x509-core/src/main/java/org/apereo/cas/adaptors/x509/authentication/revocation/checker/CRLDistributionPointRevocationChecker.java
apereo/cas,core/cas-server-core-util-api/src/main/java/org/apereo/cas/util/HttpUtils.java,support/cas-server-support-x509-core/src/main/java/org/apereo/cas/adaptors/x509/authentication/revocation/checker/CRLDistributionPointRevocationChecker.java
apereo/cas,support/cas-server-support-duo-core/src/main/java/org/apereo/cas/adaptors/duo/authn/BasicDuoSecurityAuthenticationService.java,support/cas-server-support-x509-core/src/main/java/org/apereo/cas/adaptors/x509/authentication/revocation/checker/CRLDistributionPointRevocationChecker.java
apereo/cas,core/cas-server-core-authentication-api/src/main/java/org/apereo/cas/authentication/DefaultAuthenticationEventExecutionPlan.java,support/cas-server-support-x509-core/src/main/java/org/apereo/cas/adaptors/x509/authentication/revocation/checker/CRLDistributionPointRevocationChecker.java
apereo/cas,support/cas-server-support-duo-core/src/main/java/org/apereo/cas/adaptors/duo/authn/BaseDuoSecurityAuthenticationService.java,support/cas-server-support-x509-core/src/main/java/org/apereo/cas/adaptors/x509/authentication/revocation/checker/CRLDistributionPointRevocationChecker.java
apereo/cas,core/cas-server-core-authentication-api/src/main/java/org/apereo/cas/authentication/DefaultAuthentication.java,support/cas-server-support-x509-core/src/main/java/org/apereo/cas/adaptors/x509/authentication/revocation/checker/CRLDistributionPointRevocationChecker.java
apereo/cas,support/cas-server-support-oauth-api/src/main/java/org/apereo/cas/support/oauth/web/response/callback/OAuth20AuthorizationModelAndViewBuilder.java,api/cas-server-core-api-configuration-model/src/main/java/org/apereo/cas/configuration/model/support/account/AccountManagementRegistrationCoreProperties.java
apereo/cas,support/cas-server-support-account-mgmt/src/main/java/org/apereo/cas/config/CasAccountManagementWebflowConfiguration.java,api/cas-server-core-api-configuration-model/src/main/java/org/apereo/cas/configuration/model/support/account/AccountManagementRegistrationCoreProperties.java
apereo/cas,api/cas-server-core-api-configuration-model/src/main/java/org/apereo/cas/configuration/model/support/pac4j/Pac4jDelegatedAuthenticationCoreProperties.java,api/cas-server-core-api-configuration-model/src/main/java/org/apereo/cas/configuration/model/support/account/AccountManagementRegistrationCoreProperties.java
apereo/cas,support/cas-server-support-account-mgmt/src/main/java/org/apereo/cas/acct/webflow/AccountManagementWebflowConfigurer.java,api/cas-server-core-api-configuration-model/src/main/java/org/apereo/cas/configuration/model/support/account/AccountManagementRegistrationCoreProperties.java
apereo/cas,support/cas-server-support-pac4j-webflow/src/main/java/org/apereo/cas/web/flow/DefaultDelegatedClientIdentityProviderConfigurationProducer.java,api/cas-server-core-api-configuration-model/src/main/java/org/apereo/cas/configuration/model/support/account/AccountManagementRegistrationCoreProperties.java
apereo/cas,core/cas-server-core-authentication-api/src/main/java/org/apereo/cas/authentication/DefaultCasSSLContext.java,api/cas-server-core-api-configuration-model/src/main/java/org/apereo/cas/configuration/model/support/account/AccountManagementRegistrationCoreProperties.java
apereo/cas,api/cas-server-core-api-configuration-model/src/main/java/org/apereo/cas/configuration/model/support/mfa/DuoSecurityMultifactorAuthenticationProperties.java,api/cas-server-core-api-configuration-model/src/main/java/org/apereo/cas/configuration/model/support/account/AccountManagementRegistrationCoreProperties.java
apereo/cas,support/cas-server-support-duo-core/src/main/java/com/duosecurity/duoweb/Base64.java,api/cas-server-core-api-configuration-model/src/main/java/org/apereo/cas/configuration/model/support/account/AccountManagementRegistrationCoreProperties.java
apereo/cas,support/cas-server-support-duo-core/src/main/java/org/apereo/cas/adaptors/duo/web/DuoSecurityAdminApiEndpoint.java,api/cas-server-core-api-configuration-model/src/main/java/org/apereo/cas/configuration/model/support/account/AccountManagementRegistrationCoreProperties.java
apereo/cas,api/cas-server-core-api-configuration-model/src/main/java/org/apereo/cas/configuration/model/support/pac4j/Pac4jDelegatedAuthenticationDiscoverySelectionProperties.java,api/cas-server-core-api-configuration-model/src/main/java/org/apereo/cas/configuration/model/support/account/AccountManagementRegistrationCoreProperties.java
apereo/cas,support/cas-server-support-oauth-core-api/src/main/java/org/apereo/cas/support/oauth/web/response/callback/DefaultOAuth20AuthorizationModelAndViewBuilder.java,api/cas-server-core-api-configuration-model/src/main/java/org/apereo/cas/configuration/model/support/account/AccountManagementRegistrationCoreProperties.java
apereo/cas,support/cas-server-support-pac4j-core/src/main/java/org/apereo/cas/pac4j/client/GroovyDelegatedClientIdentityProviderRedirectionStrategy.java,api/cas-server-core-api-configuration-model/src/main/java/org/apereo/cas/configuration/model/support/account/AccountManagementRegistrationCoreProperties.java
apereo/cas,support/cas-server-support-account-mgmt/src/main/java/org/apereo/cas/acct/webflow/SubmitAccountRegistrationAction.java,api/cas-server-core-api-configuration-model/src/main/java/org/apereo/cas/configuration/model/support/account/AccountManagementRegistrationCoreProperties.java
apereo/cas,core/cas-server-core-authentication-api/src/main/java/org/apereo/cas/authentication/CasSSLContext.java,api/cas-server-core-api-configuration-model/src/main/java/org/apereo/cas/configuration/model/support/account/AccountManagementRegistrationCoreProperties.java
apereo/cas,support/cas-server-support-oidc-core-api/src/main/java/org/apereo/cas/oidc/web/OidcAuthorizationModelAndViewBuilder.java,api/cas-server-core-api-configuration-model/src/main/java/org/apereo/cas/configuration/model/support/account/AccountManagementRegistrationCoreProperties.java
apereo/cas,support/cas-server-support-duo-core/src/main/java/org/apereo/cas/adaptors/duo/authn/DefaultDuoSecurityAdminApiService.java,api/cas-server-core-api-configuration-model/src/main/java/org/apereo/cas/configuration/model/support/account/AccountManagementRegistrationCoreProperties.java
korpling/ANNIS,src/main/java/org/corpus_tools/annis/gui/query_references/UrlShortenerEntry.java,src/main/java/org/corpus_tools/annis/gui/resultfetch/ResultFetchJob.java
korpling/ANNIS,src/main/java/org/corpus_tools/annis/gui/query_references/UrlShortenerEntry.java,src/main/java/org/corpus_tools/annis/gui/resultview/ResultViewPanel.java
Peergos/Peergos,src/peergos/server/Main.java,src/peergos/shared/user/fs/FileWrapper.java
luwrain/luwrain,src/main/java/org/luwrain/core/ExtensionsManager.java,src/main/java/org/luwrain/script2/ScriptUtils.java
luwrain/luwrain,src/main/java/org/luwrain/core/ExtensionsManager.java,src/main/java/org/luwrain/script/core/LuwrainObj.java
nickbattle/vdmj,lsp/src/main/java/workspace/plugins/TCPlugin.java,lsp/src/main/java/workspace/LSPWorkspaceManager.java
specify/specify6,src/edu/ku/brc/specify/tools/schemalocale/SchemaLocalizerXMLHelper.java,src/edu/ku/brc/specify/tasks/subpane/qb/QueryBldrPane.java
pepstock-org/Charba,src/org/pepstock/charba/client/utils/toast/ToastJsUtilResource.java,src/org/pepstock/charba/client/matrix/MatrixDataset.java
pepstock-org/Charba,src/org/pepstock/charba/client/utils/toast/AbstractReadOnlyToastOptions.java,src/org/pepstock/charba/client/matrix/MatrixDataset.java
pepstock-org/Charba,src/org/pepstock/charba/client/utils/toast/ToastOptionsBuilder.java,src/org/pepstock/charba/client/matrix/MatrixDataset.java
pepstock-org/Charba,src/org/pepstock/charba/client/utils/toast/AbstractToastOptions.java,src/org/pepstock/charba/client/matrix/MatrixDataset.java
pepstock-org/Charba,src/org/pepstock/charba/client/matrix/MatrixControllerResource.java,src/org/pepstock/charba/client/matrix/MatrixDataset.java
pepstock-org/Charba,src/org/pepstock/charba/client/utils/toast/IsDefaultToastOptions.java,src/org/pepstock/charba/client/matrix/MatrixDataset.java
pepstock-org/Charba,src/org/pepstock/charba/client/sankey/SankeyChart.java,src/org/pepstock/charba/client/matrix/MatrixDataset.java
pepstock-org/Charba,src/org/pepstock/charba/client/matrix/MatrixDataPoint.java,src/org/pepstock/charba/client/matrix/MatrixDataset.java
pepstock-org/Charba,src/org/pepstock/charba/client/geo/GeoControllerResource.java,src/org/pepstock/charba/client/matrix/MatrixDataset.java
pepstock-org/Charba,src/org/pepstock/charba/client/sankey/SankeyDataset.java,src/org/pepstock/charba/client/matrix/MatrixDataset.java
pepstock-org/Charba,src/org/pepstock/charba/client/enums/ModifierKey.java,src/org/pepstock/charba/client/matrix/MatrixDataset.java
pepstock-org/Charba,src/org/pepstock/charba/client/utils/toast/ImmutableToastOptions.java,src/org/pepstock/charba/client/matrix/MatrixDataset.java
pepstock-org/Charba,src/org/pepstock/charba/client/impl/plugins/SelectionHandler.java,src/org/pepstock/charba/client/impl/charts/BaseMeterController.java
elBukkit/MagicPlugin,Magic/src/main/java/com/elmakers/mine/bukkit/magic/command/MagicHelpCommandExecutor.java,Magic/src/main/java/com/elmakers/mine/bukkit/wand/WandUpgradeSlot.java
elBukkit/MagicPlugin,Magic/src/main/java/com/elmakers/mine/bukkit/item/Icon.java,Magic/src/main/java/com/elmakers/mine/bukkit/wand/WandUpgradeSlot.java
elBukkit/MagicPlugin,CompatibilityLib/modern/src/main/java/com/elmakers/mine/bukkit/utility/platform/modern/ModernPlatform.java,Magic/src/main/java/com/elmakers/mine/bukkit/wand/WandUpgradeSlot.java
elBukkit/MagicPlugin,Magic/src/main/java/com/elmakers/mine/bukkit/utility/help/HelpTopicWord.java,Magic/src/main/java/com/elmakers/mine/bukkit/wand/WandUpgradeSlot.java
elBukkit/MagicPlugin,MagicAPI/src/main/java/com/elmakers/mine/bukkit/api/wand/Wand.java,Magic/src/main/java/com/elmakers/mine/bukkit/magic/listener/MobController.java
elBukkit/MagicPlugin,Magic/src/main/java/com/elmakers/mine/bukkit/utility/help/HelpTopicWord.java,Magic/src/main/java/com/elmakers/mine/bukkit/action/builtin/ColorItemAction.java
elBukkit/MagicPlugin,Magic/src/main/java/com/elmakers/mine/bukkit/magic/command/MagicHelpCommandExecutor.java,Magic/src/main/java/com/elmakers/mine/bukkit/action/builtin/ColorItemAction.java
elBukkit/MagicPlugin,CompatibilityLib/modern/src/main/java/com/elmakers/mine/bukkit/utility/platform/modern/ModernPlatform.java,Magic/src/main/java/com/elmakers/mine/bukkit/action/builtin/ColorItemAction.java
elBukkit/MagicPlugin,Magic/src/main/java/com/elmakers/mine/bukkit/item/Icon.java,Magic/src/main/java/com/elmakers/mine/bukkit/action/builtin/ColorItemAction.java
elBukkit/MagicPlugin,MagicAPI/src/main/java/com/elmakers/mine/bukkit/api/wand/Wand.java,Magic/src/main/java/com/elmakers/mine/bukkit/magic/listener/EntityController.java
CloudSlang/cs-actions,cs-rft/src/main/java/io/cloudslang/content/rft/remote_copy/RemoteCopyAction.java,cs-rft/src/main/java/io/cloudslang/content/rft/remote_copy/SmbCopier.java
CloudSlang/cs-actions,cs-rft/src/main/java/io/cloudslang/content/rft/remote_copy/ICopier.java,cs-rft/src/main/java/io/cloudslang/content/rft/remote_copy/SmbCopier.java
CloudSlang/cs-actions,cs-rft/src/main/java/io/cloudslang/content/rft/remote_copy/ScpCopier.java,cs-rft/src/main/java/io/cloudslang/content/rft/remote_copy/SmbCopier.java
CloudSlang/cs-actions,cs-rft/src/main/java/io/cloudslang/content/rft/remote_copy/SimpleCopier.java,cs-rft/src/main/java/io/cloudslang/content/rft/remote_copy/SmbCopier.java
CloudSlang/cs-actions,cs-rft/src/main/java/io/cloudslang/content/rft/remote_copy/SftpCopier.java,cs-rft/src/main/java/io/cloudslang/content/rft/remote_copy/SmbCopier.java
CloudSlang/cs-actions,cs-rft/src/main/java/io/cloudslang/content/rft/remote_copy/sftp/SecureFtpAction.java,cs-rft/src/main/java/io/cloudslang/content/rft/remote_copy/SmbCopier.java
CloudSlang/cs-actions,cs-rft/src/main/java/io/cloudslang/content/rft/remote_copy/sftp/Connection.java,cs-rft/src/main/java/io/cloudslang/content/rft/remote_copy/SmbCopier.java
b3dgs/lionheart-remake,com.b3dgs.lionheart.editor/src/com/b3dgs/lionheart/editor/object/properties/spider/SpiderEditor.java,lionheart-game/src/main/java/com/b3dgs/lionheart/Util.java
b3dgs/lionheart-remake,com.b3dgs.lionheart.editor/src/com/b3dgs/lionheart/editor/object/properties/spider/SpiderEditor.java,lionheart-game/src/main/java/com/b3dgs/lionheart/Settings.java
b3dgs/lionheart-remake,com.b3dgs.lionheart.editor/src/com/b3dgs/lionheart/editor/object/properties/spider/SpiderEditor.java,lionheart-game/src/main/java/com/b3dgs/lionheart/menu/Menu.java
b3dgs/lionheart-remake,com.b3dgs.lionheart.editor/src/com/b3dgs/lionheart/editor/object/properties/spider/SpiderEditor.java,lionheart-game/src/main/java/com/b3dgs/lionheart/object/feature/Spider.java
b3dgs/lionheart-remake,com.b3dgs.lionheart.editor/src/com/b3dgs/lionheart/editor/object/properties/spider/SpiderEditor.java,lionheart-game/src/main/java/com/b3dgs/lionheart/object/feature/Rotating.java
b3dgs/lionheart-remake,com.b3dgs.lionheart.editor/src/com/b3dgs/lionheart/editor/object/properties/spider/SpiderEditor.java,lionheart-game/src/main/java/com/b3dgs/lionheart/object/feature/HotFireBall.java
b3dgs/lionheart-remake,com.b3dgs.lionheart.editor/src/com/b3dgs/lionheart/editor/object/properties/spider/SpiderEditor.java,lionheart-game/src/main/java/com/b3dgs/lionheart/object/feature/RotatingConfig.java
b3dgs/lionheart-remake,com.b3dgs.lionheart.editor/src/com/b3dgs/lionheart/editor/object/properties/spider/SpiderEditor.java,com.b3dgs.lionheart.editor/src/com/b3dgs/lionheart/editor/checkpoint/CheckpointPart.java
b3dgs/lionheart-remake,com.b3dgs.lionheart.editor/src/com/b3dgs/lionheart/editor/object/properties/spider/SpiderEditor.java,com.b3dgs.lionheart.editor/src/com/b3dgs/lionheart/editor/object/properties/patrol/PatrolEditor.java
b3dgs/lionheart-remake,com.b3dgs.lionheart.editor/src/com/b3dgs/lionheart/editor/object/properties/spider/SpiderEditor.java,com.b3dgs.lionheart.editor/src/com/b3dgs/lionheart/editor/object/properties/rotating/RotatingEditor.java
b3dgs/lionheart-remake,com.b3dgs.lionheart.editor/src/com/b3dgs/lionheart/editor/object/properties/spider/SpiderEditor.java,com.b3dgs.lionheart.editor/src/com/b3dgs/lionheart/editor/object/properties/hotfireball/HotFireBallEditor.java
lessthanoptimal/BoofCV,demonstrations/src/main/java/boofcv/demonstrations/sfm/d3/VisualizeStereoVisualOdometryApp.java,applications/src/main/java/boofcv/app/CameraCalibration.java
lessthanoptimal/BoofCV,integration/boofcv-swing/src/main/java/boofcv/gui/calibration/DisplayCalibrationPanel.java,applications/src/main/java/boofcv/app/CameraCalibration.java
lessthanoptimal/BoofCV,main/boofcv-simulation/src/main/java/boofcv/simulation/SimulatePlanarWorld.java,applications/src/main/java/boofcv/app/CameraCalibration.java
lessthanoptimal/BoofCV,main/boofcv-recognition/src/main/java/boofcv/factory/fiducial/FactoryFiducialCalibration.java,applications/src/main/java/boofcv/app/CameraCalibration.java
lessthanoptimal/BoofCV,main/boofcv-simulation/src/main/java/boofcv/simulation/SimulatePlanarWorld.java,applications/src/main/java/boofcv/app/CreateCalibrationTarget.java
lessthanoptimal/BoofCV,demonstrations/src/main/java/boofcv/demonstrations/sfm/d3/VisualizeStereoVisualOdometryApp.java,applications/src/main/java/boofcv/app/CreateCalibrationTarget.java
lessthanoptimal/BoofCV,integration/boofcv-swing/src/main/java/boofcv/gui/calibration/DisplayCalibrationPanel.java,applications/src/main/java/boofcv/app/CreateCalibrationTarget.java
lessthanoptimal/BoofCV,main/boofcv-recognition/src/main/java/boofcv/factory/fiducial/FactoryFiducialCalibration.java,applications/src/main/java/boofcv/app/CreateCalibrationTarget.java
lessthanoptimal/BoofCV,main/boofcv-recognition/src/main/java/boofcv/alg/fiducial/calib/ecocheck/ECoCheckGenerator.java,integration/boofcv-swing/src/main/java/boofcv/gui/controls/CalibrationTargetPanel.java
lessthanoptimal/BoofCV,main/boofcv-recognition/src/main/java/boofcv/alg/fiducial/calib/ecocheck/ECoCheckDetector.java,integration/boofcv-swing/src/main/java/boofcv/gui/controls/CalibrationTargetPanel.java
lessthanoptimal/BoofCV,main/boofcv-recognition/src/main/java/boofcv/alg/fiducial/calib/ecocheck/ECoCheckGenerator.java,demonstrations/src/main/java/boofcv/demonstrations/calibration/StereoCalibrationPanel.java
lessthanoptimal/BoofCV,main/boofcv-recognition/src/main/java/boofcv/alg/fiducial/calib/ecocheck/ECoCheckDetector.java,demonstrations/src/main/java/boofcv/demonstrations/calibration/StereoCalibrationPanel.java
lessthanoptimal/BoofCV,main/boofcv-recognition/src/main/java/boofcv/alg/fiducial/calib/ecocheck/ECoCheckGenerator.java,main/boofcv-recognition/src/main/java/boofcv/alg/fiducial/calib/ecocheck/ECoCheckCodec.java
lessthanoptimal/BoofCV,main/boofcv-recognition/src/main/java/boofcv/alg/fiducial/calib/ecocheck/ECoCheckDetector.java,main/boofcv-recognition/src/main/java/boofcv/alg/fiducial/calib/ecocheck/ECoCheckCodec.java
lessthanoptimal/BoofCV,main/boofcv-recognition/src/main/java/boofcv/alg/fiducial/calib/ecocheck/ECoCheckDetector.java,demonstrations/src/main/java/boofcv/demonstrations/calibration/CalibrateMonocularPlanarApp.java
lessthanoptimal/BoofCV,main/boofcv-recognition/src/main/java/boofcv/alg/fiducial/calib/ecocheck/ECoCheckGenerator.java,demonstrations/src/main/java/boofcv/demonstrations/calibration/CalibrateMonocularPlanarApp.java
lessthanoptimal/BoofCV,main/boofcv-recognition/src/main/java/boofcv/alg/fiducial/calib/ecocheck/ECoCheckDetector.java,main/boofcv-recognition/src/main/java/boofcv/alg/fiducial/square/FiducialSquareHammingGenerator.java
lessthanoptimal/BoofCV,main/boofcv-recognition/src/main/java/boofcv/alg/fiducial/calib/ecocheck/ECoCheckGenerator.java,main/boofcv-recognition/src/main/java/boofcv/alg/fiducial/square/FiducialSquareHammingGenerator.java
lessthanoptimal/BoofCV,main/boofcv-recognition/src/main/java/boofcv/alg/fiducial/calib/ecocheck/ECoCheckGenerator.java,main/boofcv-recognition/src/main/java/boofcv/alg/fiducial/calib/hammingchess/HammingChessboardGenerator.java
lessthanoptimal/BoofCV,main/boofcv-recognition/src/main/java/boofcv/alg/fiducial/calib/ecocheck/ECoCheckDetector.java,main/boofcv-recognition/src/main/java/boofcv/alg/fiducial/calib/hammingchess/HammingChessboardGenerator.java
GerritCodeReview/gerrit,java/com/google/gerrit/server/project/SubmitRequirementsEvaluatorImpl.java,java/com/google/gerrit/server/notedb/StoreSubmitRequirementsOp.java
GerritCodeReview/gerrit,java/com/google/gerrit/server/project/SubmitRequirementsEvaluator.java,java/com/google/gerrit/server/notedb/StoreSubmitRequirementsOp.java
GreenDelta/olca-modules,olca-core/src/main/java/org/openlca/core/model/CalculationSetup.java,olca-core/src/main/java/org/openlca/core/matrix/io/NpyMatrix.java
henrichg/PhoneProfilesPlus,phoneProfilesPlus/src/main/java/sk/henrichg/phoneprofilesplus/CheckCriticalPPPReleasesBroadcastReceiver.java,phoneProfilesPlus/src/main/java/sk/henrichg/phoneprofilesplus/PPTileService.java
henrichg/PhoneProfilesPlus,phoneProfilesPlus/src/main/java/sk/henrichg/phoneprofilesplus/CheckPPPReleasesActivity.java,phoneProfilesPlus/src/main/java/sk/henrichg/phoneprofilesplus/PPTileService.java
henrichg/PhoneProfilesPlus,phoneProfilesPlus/src/main/java/sk/henrichg/phoneprofilesplus/CheckCriticalPPPReleasesBroadcastReceiver.java,phoneProfilesPlus/src/main/java/sk/henrichg/phoneprofilesplus/LocationScanner.java
henrichg/PhoneProfilesPlus,phoneProfilesPlus/src/main/java/sk/henrichg/phoneprofilesplus/CheckPPPReleasesActivity.java,phoneProfilesPlus/src/main/java/sk/henrichg/phoneprofilesplus/LocationScanner.java
henrichg/PhoneProfilesPlus,phoneProfilesPlus/src/main/java/sk/henrichg/phoneprofilesplus/CheckCriticalPPPReleasesBroadcastReceiver.java,phoneProfilesPlus/src/main/java/sk/henrichg/phoneprofilesplus/PhoneCallsListener.java
henrichg/PhoneProfilesPlus,phoneProfilesPlus/src/main/java/sk/henrichg/phoneprofilesplus/CheckPPPReleasesActivity.java,phoneProfilesPlus/src/main/java/sk/henrichg/phoneprofilesplus/PhoneCallsListener.java
henrichg/PhoneProfilesPlus,phoneProfilesPlus/src/main/java/sk/henrichg/phoneprofilesplus/CheckCriticalPPPReleasesBroadcastReceiver.java,phoneProfilesPlus/src/main/java/sk/henrichg/phoneprofilesplus/MobileCellsListener.java
henrichg/PhoneProfilesPlus,phoneProfilesPlus/src/main/java/sk/henrichg/phoneprofilesplus/CheckPPPReleasesActivity.java,phoneProfilesPlus/src/main/java/sk/henrichg/phoneprofilesplus/MobileCellsListener.java
tommai78101/PokemonWalking,levelEditor/src/main/java/script_editor/ScriptChanger.java,game/src/main/java/level/Area.java
tommai78101/PokemonWalking,game/src/main/java/data/chunk/PlayerChunk.java,game/src/main/java/level/Area.java
tommai78101/PokemonWalking,game/src/main/java/data/chunk/InventoryItemChunk.java,game/src/main/java/level/Area.java
tommai78101/PokemonWalking,game/src/main/java/item/Bicycle.java,game/src/main/java/level/Area.java
tommai78101/PokemonWalking,game/src/main/java/utility/DialogueBuilder.java,game/src/main/java/level/Area.java
tommai78101/PokemonWalking,levelEditor/src/main/java/editor/EditorInput.java,game/src/main/java/level/Area.java
tommai78101/PokemonWalking,game/src/main/java/data/chunk/InventoryItemChunk.java,game/src/main/java/entity/Player.java
tommai78101/PokemonWalking,game/src/main/java/utility/DialogueBuilder.java,game/src/main/java/entity/Player.java
tommai78101/PokemonWalking,game/src/main/java/data/chunk/PlayerChunk.java,game/src/main/java/entity/Player.java
tommai78101/PokemonWalking,levelEditor/src/main/java/editor/EditorInput.java,game/src/main/java/entity/Player.java
tommai78101/PokemonWalking,game/src/main/java/item/Bicycle.java,game/src/main/java/entity/Player.java
tommai78101/PokemonWalking,levelEditor/src/main/java/script_editor/ScriptChanger.java,game/src/main/java/entity/Player.java
tommai78101/PokemonWalking,game/src/main/java/item/Bicycle.java,game/src/main/java/obstacle/Sign.java
tommai78101/PokemonWalking,levelEditor/src/main/java/script_editor/ScriptChanger.java,game/src/main/java/obstacle/Sign.java
tommai78101/PokemonWalking,game/src/main/java/utility/DialogueBuilder.java,game/src/main/java/obstacle/Sign.java
tommai78101/PokemonWalking,levelEditor/src/main/java/editor/EditorInput.java,game/src/main/java/obstacle/Sign.java
tommai78101/PokemonWalking,game/src/main/java/data/chunk/InventoryItemChunk.java,game/src/main/java/obstacle/Sign.java
tommai78101/PokemonWalking,game/src/main/java/data/chunk/PlayerChunk.java,game/src/main/java/obstacle/Sign.java
tommai78101/PokemonWalking,game/src/main/java/utility/DialogueBuilder.java,game/src/main/java/resources/Art.java
tommai78101/PokemonWalking,game/src/main/java/data/chunk/InventoryItemChunk.java,game/src/main/java/resources/Art.java
tommai78101/PokemonWalking,game/src/main/java/item/Bicycle.java,game/src/main/java/resources/Art.java
tommai78101/PokemonWalking,levelEditor/src/main/java/script_editor/ScriptChanger.java,game/src/main/java/resources/Art.java
tommai78101/PokemonWalking,levelEditor/src/main/java/editor/EditorInput.java,game/src/main/java/resources/Art.java
tommai78101/PokemonWalking,game/src/main/java/data/chunk/PlayerChunk.java,game/src/main/java/resources/Art.java
tommai78101/PokemonWalking,levelEditor/src/main/java/script_editor/ScriptChanger.java,common/src/main/java/common/Debug.java
tommai78101/PokemonWalking,game/src/main/java/utility/DialogueBuilder.java,common/src/main/java/common/Debug.java
tommai78101/PokemonWalking,game/src/main/java/item/Bicycle.java,common/src/main/java/common/Debug.java
tommai78101/PokemonWalking,game/src/main/java/data/chunk/InventoryItemChunk.java,common/src/main/java/common/Debug.java
tommai78101/PokemonWalking,levelEditor/src/main/java/editor/EditorInput.java,common/src/main/java/common/Debug.java
tommai78101/PokemonWalking,game/src/main/java/data/chunk/PlayerChunk.java,common/src/main/java/common/Debug.java
tommai78101/PokemonWalking,game/src/main/java/data/chunk/PlayerChunk.java,game/src/main/java/abstracts/Item.java
tommai78101/PokemonWalking,levelEditor/src/main/java/editor/EditorInput.java,game/src/main/java/abstracts/Item.java
tommai78101/PokemonWalking,levelEditor/src/main/java/script_editor/ScriptChanger.java,game/src/main/java/abstracts/Item.java
tommai78101/PokemonWalking,game/src/main/java/data/chunk/InventoryItemChunk.java,game/src/main/java/abstracts/Item.java
tommai78101/PokemonWalking,game/src/main/java/utility/DialogueBuilder.java,game/src/main/java/abstracts/Item.java
tommai78101/PokemonWalking,game/src/main/java/item/Bicycle.java,game/src/main/java/abstracts/Item.java
tommai78101/PokemonWalking,game/src/main/java/data/chunk/InventoryItemChunk.java,game/src/main/java/menu/Inventory.java
tommai78101/PokemonWalking,game/src/main/java/item/Bicycle.java,game/src/main/java/menu/Inventory.java
tommai78101/PokemonWalking,levelEditor/src/main/java/editor/EditorInput.java,game/src/main/java/menu/Inventory.java
tommai78101/PokemonWalking,game/src/main/java/utility/DialogueBuilder.java,game/src/main/java/menu/Inventory.java
tommai78101/PokemonWalking,levelEditor/src/main/java/script_editor/ScriptChanger.java,game/src/main/java/menu/Inventory.java
tommai78101/PokemonWalking,game/src/main/java/data/chunk/PlayerChunk.java,game/src/main/java/menu/Inventory.java
tommai78101/PokemonWalking,game/src/main/java/data/chunk/InventoryItemChunk.java,game/src/main/java/level/PixelData.java
tommai78101/PokemonWalking,levelEditor/src/main/java/script_editor/ScriptChanger.java,game/src/main/java/level/PixelData.java
tommai78101/PokemonWalking,levelEditor/src/main/java/editor/EditorInput.java,game/src/main/java/level/PixelData.java
tommai78101/PokemonWalking,game/src/main/java/item/Bicycle.java,game/src/main/java/level/PixelData.java
tommai78101/PokemonWalking,game/src/main/java/utility/DialogueBuilder.java,game/src/main/java/level/PixelData.java
tommai78101/PokemonWalking,game/src/main/java/data/chunk/PlayerChunk.java,game/src/main/java/level/PixelData.java
tommai78101/PokemonWalking,levelEditor/src/main/java/editor/EditorInput.java,game/src/main/java/abstracts/Entity.java
tommai78101/PokemonWalking,game/src/main/java/item/Bicycle.java,game/src/main/java/abstracts/Entity.java
tommai78101/PokemonWalking,game/src/main/java/utility/DialogueBuilder.java,game/src/main/java/abstracts/Entity.java
tommai78101/PokemonWalking,game/src/main/java/data/chunk/InventoryItemChunk.java,game/src/main/java/abstracts/Entity.java
tommai78101/PokemonWalking,game/src/main/java/data/chunk/PlayerChunk.java,game/src/main/java/abstracts/Entity.java
tommai78101/PokemonWalking,levelEditor/src/main/java/script_editor/ScriptChanger.java,game/src/main/java/abstracts/Entity.java
tommai78101/PokemonWalking,levelEditor/src/main/java/editor/EditorInput.java,game/src/main/java/abstracts/Obstacle.java
tommai78101/PokemonWalking,levelEditor/src/main/java/script_editor/ScriptChanger.java,game/src/main/java/abstracts/Obstacle.java
tommai78101/PokemonWalking,game/src/main/java/data/chunk/InventoryItemChunk.java,game/src/main/java/abstracts/Obstacle.java
tommai78101/PokemonWalking,game/src/main/java/item/Bicycle.java,game/src/main/java/abstracts/Obstacle.java
tommai78101/PokemonWalking,game/src/main/java/data/chunk/PlayerChunk.java,game/src/main/java/abstracts/Obstacle.java
tommai78101/PokemonWalking,game/src/main/java/utility/DialogueBuilder.java,game/src/main/java/abstracts/Obstacle.java
tommai78101/PokemonWalking,game/src/main/java/item/Bicycle.java,game/src/main/java/script/TriggerData.java
tommai78101/PokemonWalking,levelEditor/src/main/java/editor/EditorInput.java,game/src/main/java/script/TriggerData.java
tommai78101/PokemonWalking,game/src/main/java/utility/DialogueBuilder.java,game/src/main/java/script/TriggerData.java
tommai78101/PokemonWalking,game/src/main/java/data/chunk/PlayerChunk.java,game/src/main/java/script/TriggerData.java
tommai78101/PokemonWalking,levelEditor/src/main/java/script_editor/ScriptChanger.java,game/src/main/java/script/TriggerData.java
tommai78101/PokemonWalking,game/src/main/java/data/chunk/InventoryItemChunk.java,game/src/main/java/script/TriggerData.java
tommai78101/PokemonWalking,game/src/main/java/utility/DialogueBuilder.java,game/src/main/java/abstracts/Character.java
tommai78101/PokemonWalking,game/src/main/java/data/chunk/InventoryItemChunk.java,game/src/main/java/abstracts/Character.java
tommai78101/PokemonWalking,levelEditor/src/main/java/editor/EditorInput.java,game/src/main/java/abstracts/Character.java
tommai78101/PokemonWalking,levelEditor/src/main/java/script_editor/ScriptChanger.java,game/src/main/java/abstracts/Character.java
tommai78101/PokemonWalking,game/src/main/java/item/Bicycle.java,game/src/main/java/abstracts/Character.java
tommai78101/PokemonWalking,game/src/main/java/data/chunk/PlayerChunk.java,game/src/main/java/abstracts/Character.java
tommai78101/PokemonWalking,game/src/main/java/data/chunk/PlayerChunk.java,game/src/main/java/utility/ItemBuilder.java
tommai78101/PokemonWalking,levelEditor/src/main/java/editor/EditorInput.java,game/src/main/java/utility/ItemBuilder.java
tommai78101/PokemonWalking,levelEditor/src/main/java/script_editor/ScriptChanger.java,game/src/main/java/utility/ItemBuilder.java
tommai78101/PokemonWalking,game/src/main/java/item/Bicycle.java,game/src/main/java/utility/ItemBuilder.java
tommai78101/PokemonWalking,game/src/main/java/utility/DialogueBuilder.java,game/src/main/java/utility/ItemBuilder.java
tommai78101/PokemonWalking,game/src/main/java/data/chunk/InventoryItemChunk.java,game/src/main/java/utility/ItemBuilder.java
tommai78101/PokemonWalking,game/src/main/java/item/Bicycle.java,levelEditor/src/main/java/editor/Trigger.java
tommai78101/PokemonWalking,game/src/main/java/utility/DialogueBuilder.java,levelEditor/src/main/java/editor/Trigger.java
tommai78101/PokemonWalking,levelEditor/src/main/java/script_editor/ScriptChanger.java,levelEditor/src/main/java/editor/Trigger.java
tommai78101/PokemonWalking,game/src/main/java/data/chunk/InventoryItemChunk.java,levelEditor/src/main/java/editor/Trigger.java
tommai78101/PokemonWalking,game/src/main/java/data/chunk/PlayerChunk.java,levelEditor/src/main/java/editor/Trigger.java
tommai78101/PokemonWalking,levelEditor/src/main/java/editor/EditorInput.java,levelEditor/src/main/java/editor/Trigger.java
tommai78101/PokemonWalking,game/src/main/java/utility/DialogueBuilder.java,levelEditor/src/main/java/editor/LevelEditor.java
tommai78101/PokemonWalking,levelEditor/src/main/java/editor/EditorInput.java,levelEditor/src/main/java/editor/LevelEditor.java
tommai78101/PokemonWalking,game/src/main/java/data/chunk/PlayerChunk.java,levelEditor/src/main/java/editor/LevelEditor.java
tommai78101/PokemonWalking,game/src/main/java/item/Bicycle.java,levelEditor/src/main/java/editor/LevelEditor.java
tommai78101/PokemonWalking,game/src/main/java/data/chunk/InventoryItemChunk.java,levelEditor/src/main/java/editor/LevelEditor.java
tommai78101/PokemonWalking,levelEditor/src/main/java/script_editor/ScriptChanger.java,levelEditor/src/main/java/editor/LevelEditor.java
tommai78101/PokemonWalking,game/src/main/java/data/chunk/PlayerChunk.java,levelEditor/src/main/java/editor/DrawingBoard.java
tommai78101/PokemonWalking,game/src/main/java/data/chunk/InventoryItemChunk.java,levelEditor/src/main/java/editor/DrawingBoard.java
tommai78101/PokemonWalking,levelEditor/src/main/java/editor/EditorInput.java,levelEditor/src/main/java/editor/DrawingBoard.java
tommai78101/PokemonWalking,game/src/main/java/utility/DialogueBuilder.java,levelEditor/src/main/java/editor/DrawingBoard.java
tommai78101/PokemonWalking,game/src/main/java/item/Bicycle.java,levelEditor/src/main/java/editor/DrawingBoard.java
tommai78101/PokemonWalking,levelEditor/src/main/java/script_editor/ScriptChanger.java,levelEditor/src/main/java/editor/DrawingBoard.java
tommai78101/PokemonWalking,levelEditor/src/main/java/script_editor/ScriptChanger.java,levelEditor/src/main/java/editor/EditorConstants.java
tommai78101/PokemonWalking,game/src/main/java/data/chunk/PlayerChunk.java,levelEditor/src/main/java/editor/EditorConstants.java
tommai78101/PokemonWalking,game/src/main/java/item/Bicycle.java,levelEditor/src/main/java/editor/EditorConstants.java
tommai78101/PokemonWalking,game/src/main/java/data/chunk/InventoryItemChunk.java,levelEditor/src/main/java/editor/EditorConstants.java
tommai78101/PokemonWalking,game/src/main/java/utility/DialogueBuilder.java,levelEditor/src/main/java/editor/EditorConstants.java
tommai78101/PokemonWalking,levelEditor/src/main/java/editor/EditorInput.java,levelEditor/src/main/java/editor/EditorConstants.java
tommai78101/PokemonWalking,game/src/main/java/item/Bicycle.java,levelEditor/src/main/java/script_editor/ScriptEditor.java
tommai78101/PokemonWalking,game/src/main/java/data/chunk/InventoryItemChunk.java,levelEditor/src/main/java/script_editor/ScriptEditor.java
tommai78101/PokemonWalking,game/src/main/java/utility/DialogueBuilder.java,levelEditor/src/main/java/script_editor/ScriptEditor.java
tommai78101/PokemonWalking,levelEditor/src/main/java/script_editor/ScriptChanger.java,levelEditor/src/main/java/script_editor/ScriptEditor.java
tommai78101/PokemonWalking,levelEditor/src/main/java/editor/EditorInput.java,levelEditor/src/main/java/script_editor/ScriptEditor.java
tommai78101/PokemonWalking,game/src/main/java/data/chunk/PlayerChunk.java,levelEditor/src/main/java/script_editor/ScriptEditor.java
tommai78101/PokemonWalking,levelEditor/src/main/java/editor/EditorInput.java,levelEditor/src/main/java/script_editor/ScriptViewer.java
tommai78101/PokemonWalking,game/src/main/java/data/chunk/PlayerChunk.java,levelEditor/src/main/java/script_editor/ScriptViewer.java
tommai78101/PokemonWalking,game/src/main/java/utility/DialogueBuilder.java,levelEditor/src/main/java/script_editor/ScriptViewer.java
tommai78101/PokemonWalking,game/src/main/java/item/Bicycle.java,levelEditor/src/main/java/script_editor/ScriptViewer.java
tommai78101/PokemonWalking,game/src/main/java/data/chunk/InventoryItemChunk.java,levelEditor/src/main/java/script_editor/ScriptViewer.java
tommai78101/PokemonWalking,levelEditor/src/main/java/script_editor/ScriptChanger.java,levelEditor/src/main/java/script_editor/ScriptViewer.java
tommai78101/PokemonWalking,game/src/main/java/data/chunk/PlayerChunk.java,levelEditor/src/main/java/editor/SelectionDropdownMenu.java
tommai78101/PokemonWalking,game/src/main/java/utility/DialogueBuilder.java,levelEditor/src/main/java/editor/SelectionDropdownMenu.java
tommai78101/PokemonWalking,levelEditor/src/main/java/script_editor/ScriptChanger.java,levelEditor/src/main/java/editor/SelectionDropdownMenu.java
tommai78101/PokemonWalking,game/src/main/java/data/chunk/InventoryItemChunk.java,levelEditor/src/main/java/editor/SelectionDropdownMenu.java
tommai78101/PokemonWalking,game/src/main/java/item/Bicycle.java,levelEditor/src/main/java/editor/SelectionDropdownMenu.java
tommai78101/PokemonWalking,levelEditor/src/main/java/editor/EditorInput.java,levelEditor/src/main/java/editor/SelectionDropdownMenu.java
00-Evan/shattered-pixel-dungeon,core/src/main/java/com/shatteredpixel/shatteredpixeldungeon/messages/Languages.java,core/src/main/java/com/shatteredpixel/shatteredpixeldungeon/actors/hero/Hero.java
00-Evan/shattered-pixel-dungeon,core/src/main/java/com/shatteredpixel/shatteredpixeldungeon/scenes/WelcomeScene.java,core/src/main/java/com/shatteredpixel/shatteredpixeldungeon/actors/hero/Hero.java
asciidoctor/asciidoctor-intellij-plugin,src/main/java/org/asciidoc/intellij/grazie/AsciiDocGrazieLanguageSupport.java,src/main/java/org/asciidoc/intellij/editor/jcef/AsciiDocJCEFHtmlPanel.java
Michael-Heinzelmann-IT-Consulting/ORCC-open-rapid-content-creation,orcc-core/src/main/java/org/mcuosmipcuter/orcc/soundvis/SoundCanvasWrapper.java,orcc-gui/src/main/java/org/mcuosmipcuter/orcc/gui/Main.java
Michael-Heinzelmann-IT-Consulting/ORCC-open-rapid-content-creation,orcc-core/src/main/java/org/mcuosmipcuter/orcc/soundvis/SoundCanvasWrapper.java,orcc-gui/src/main/java/org/mcuosmipcuter/orcc/soundvis/gui/GraphPanel.java
